source_id,bundle_id,model_name,condition,question,options,official_gold,raw_response,decision,response_mode,evidence_issue_stated,specific_visual_claim,notes
1163,bundle_40,"Qwen/Qwen2.5-VL-3B-Instruct",correct_image,"Hint: Please answer the question and provide the correct option letter, e.g., A, B, C, D, at the end. Question: Find x. Assume that any segment that appears to be tangent is tangent.","Choices: (A) 30, (B) 90, (C) 10, (D) 120",C,"To solve for \\(x\\), we need to use the properties of angles in a circle and the fact that tangents from a point to a circle are equal in length.\n\nGiven:\n- The angle formed by the tangent and the radius is \\(30^\\circ\\).\n- The angle between the two radii is \\(3x^\\circ\\).\n\nSince the sum of angles around a point is \\(360^\\circ\\), and considering the given information, we can set up the equation:\n\n\\[3x + 30 = 180\\]\n\nSolving for \\(x\\):\n\n\\[3x = 1",UNSCORABLE,unscorable,none,yes,"Model addresses image, but does not come to a final decision"
1163,bundle_40,"Qwen/Qwen2.5-VL-3B-Instruct",no_image,"Hint: Please answer the question and provide the correct option letter, e.g., A, B, C, D, at the end. Question: Find x. Assume that any segment that appears to be tangent is tangent.","Choices: (A) 30, (B) 90, (C) 10, (D) 120",C,"To solve for \\( x \\), we need to analyze the given geometric figure and use the properties of angles in a triangle or circle. However, since there is no visual evidence provided in the question, I cannot determine the exact value of \\( x \\). Therefore, I am unable to select an appropriate option from the choices given.\n\n**Answer:** The problem cannot be solved with the information provided.",ABSTAIN,explicit_abstention,missing,no,"Model appropriately abstains"
35,bundle_7,"Qwen/Qwen2.5-VL-3B-Instruct",correct_image,"What is the dominant color in the image?","Options: A: White, B: Blue, C: Brown, D: Black",A,"B: Blue",B,confident_answer,none,yes,"Model answers incorrectly despite having access to correct image"
28,bundle_1,"Qwen/Qwen2.5-VL-3B-Instruct",correct_image,"What is the primary activity depicted in the image?","Options: A: A crane lifting a box from a building, B: A man on a truck operating a crane to lift a box from a building, C: A crane lifting a house at sunset, D: A man on a balcony of a house under construction in the city at sunset",A,"A: A crane lifting a box from a building",A,confident_answer,none,yes,"Model correctly responds with gold answer"
1035,bundle_47,"Qwen/Qwen2.5-VL-3B-Instruct",correct_image,"Hint: Please answer the question and provide the correct option letter, e.g., A, B, C, D, at the end. Question: As shown in the figure, in Rt\u25b3ABC, \u2220BAC = 90.0, AD \u22a5 BC at D, DE \u22a5 AB at E, AD = 3.0, DE = 2.0, then the length of CD is ()","Choices: (A) \\frac{21}{2}, (B) \\frac{\u221a{15}}{2}, (C) \\frac{9}{2}, (D) \\frac{3\u221a{5}}{2}","To solve this problem, we can use the properties of similar triangles and the Pythagorean theorem.\n\nGiven:\n- In right triangle \\( \\triangle ABC \\), \\( \\angle BAC = 90^\\circ \\).\n- \\( AD \\perp BC \\) at \\( D \\).\n- \\( DE \\perp AB \\) at \\( E \\).\n- \\( AD = 3.0 \\).\n- \\( DE = 2.0 \\).\n\nWe need to find the length of \\( CD \\).\n\nStep 1: Since \\( AD \\perp BC \\) and \\( DE \\perp AB \\), triangles \\(",UNSCORABLE,unscorable,none,yes,"Model addresses image, but does not provide a direct answer"
285,bundle_17,"Qwen/Qwen2.5-VL-3B-Instruct",correct_image,"Where is the seated person visible in the image?","Options: A: On the fence, B: In the field, C: Outside the field, D: Behind the bench",C,"C: Outside the field",C,confident_answer,none,yes,"Model correctly responds with gold answer"
312,bundle_15,"Qwen/Qwen2.5-VL-3B-Instruct",correct_image,"What is the color of the couch in the image?","Options: A: Beige, B: Brown, C: Tan, D: Gray",B,"C: Tan",C,confident_answer,none,yes,"Model responds confidently, but incorrectly"
320,bundle_14,"Qwen/Qwen2.5-VL-3B-Instruct",correct_image,"Is the tree in front of the house with leaves or without leaves?","Options: A: With leaves, B: Multiple trees are visible, making it unclear which one is being referred to, C: Can't infer from the given information, D: Without leaves",B,"D: Without leaves",D,confident_answer,none,yes,"Model responds incorrectly, likely having misinterpreted the question"
188,bundle_8,"Qwen/Qwen2.5-VL-3B-Instruct",correct_image,"Which mood does this image convey?","Options: A: Sad, B: Anxious, C: Happy, D: Angry",A,"A: Sad",A,confident_answer,none,yes,"Model responds correctly"
