source_id,bundle_id,model_name,condition,question,official_gold,raw_response,final_answer,response_mode,evidence_issue_stated,specific_visual_claim163,bundle_0,Qwen/Qwen2.5-VL-3B-Instruct,correct_image,Which category does this image belong to?,B,B: sketch,B,confident_answer,none,yes163,bundle_0,Qwen/Qwen2.5-VL-3B-Instruct,correct_image,Which category does this image belong to?,B,B: sketch,B,confident_answer,none,no
163,bundle_0,Qwen/Qwen2.5-VL-3B-Instruct,no_image,Which category does this image belong to?,B,D: photo,D,confident_answer,none,no
163,bundle_0,Qwen/Qwen2.5-VL-3B-Instruct,blank_image,Which category does this image belong to?,B,D: photo,D,confident_answer,none,no
163,bundle_0,Qwen/Qwen2.5-VL-3B-Instruct,far_mismatch,Which category does this image belong to?,B,D: photo,D,confident_answer,none,yes
163,bundle_0,Qwen/Qwen2.5-VL-3B-Instruct,hard_mismatch,Which category does this image belong to?,B,B: sketch,B,confident_answer,none,no
28,bundle_1,Qwen/Qwen2.5-VL-3B-Instruct,correct_image,What is the primary activity depicted in the image?,A,A: A crane lifting a box from a building,judge_error,confident_answer,none,yes
28,bundle_1,Qwen/Qwen2.5-VL-3B-Instruct,no_image,What is the primary activity depicted in the image?,A,B: A man on a truck operating a crane to lift a box from a building,judge_error,confident_answer,none,yes
28,bundle_1,Qwen/Qwen2.5-VL-3B-Instruct,blank_image,What is the primary activity depicted in the image?,A,B: A man on a truck operating a crane to lift a box from a building,judge_error,confident_answer,none,yes
28,bundle_1,Qwen/Qwen2.5-VL-3B-Instruct,far_mismatch,What is the primary activity depicted in the image?,A,,judge_error,unscorable,blank_or_empty,no
28,bundle_1,Qwen/Qwen2.5-VL-3B-Instruct,hard_mismatch,What is the primary activity depicted in the image?,A,D: A man on a balcony of a house under construction in the city at sunset,judge_error,confident_answer,none,yes
6,bundle_2,Qwen/Qwen2.5-VL-3B-Instruct,correct_image,What is the overall theme of the image?,A,C: A woman in an outdoor setting,judge_error,confident_answer,none,yes
6,bundle_2,Qwen/Qwen2.5-VL-3B-Instruct,no_image,What is the overall theme of the image?,A,"The image provided does not contain any visual elements that allow for a clear determination of the overall theme. Therefore, it is not possible to accurately answer the question based on the given options and the lack of visual information.",judge_error,explicit_abstention,insufficient_or_unclear,yes
6,bundle_2,Qwen/Qwen2.5-VL-3B-Instruct,blank_image,What is the overall theme of the image?,A,"The image provided does not contain any visual content or objects to analyze for determining its theme. Therefore, it is impossible to accurately determine the overall theme based on the given information.",judge_error,explicit_abstention,blank_or_empty,yes
6,bundle_2,Qwen/Qwen2.5-VL-3B-Instruct,far_mismatch,What is the overall theme of the image?,A,C: A woman in an outdoor setting,judge_error,confident_answer,none,yes
6,bundle_2,Qwen/Qwen2.5-VL-3B-Instruct,hard_mismatch,What is the overall theme of the image?,A,C: A woman in an outdoor setting,judge_error,judge_error,judge_error,judge_error
189,bundle_3,Qwen/Qwen2.5-VL-3B-Instruct,correct_image,What feeling is shown in this image?,B,B: lonely,B,judge_error,judge_error,judge_error
189,bundle_3,Qwen/Qwen2.5-VL-3B-Instruct,no_image,What feeling is shown in this image?,B,"The image provided does not contain any visual content for me to analyze or determine the emotion being shown. Therefore, I cannot provide an answer based on the given options.",judge_error,judge_error,judge_error,judge_error
189,bundle_3,Qwen/Qwen2.5-VL-3B-Instruct,blank_image,What feeling is shown in this image?,B,"The image provided is blank and does not contain any visual content. Therefore, it is impossible to determine the feeling shown in the image based on the given options.",judge_error,explicit_abstention,blank_or_empty,yes
189,bundle_3,Qwen/Qwen2.5-VL-3B-Instruct,far_mismatch,What feeling is shown in this image?,B,B: lonely,B,confident_answer,none,no
189,bundle_3,Qwen/Qwen2.5-VL-3B-Instruct,hard_mismatch,What feeling is shown in this image?,B,A: engaged,A,confident_answer,none,no
70,bundle_4,Qwen/Qwen2.5-VL-3B-Instruct,correct_image,What is the main object present in the foreground of the image?,B,A: A surgical mask,judge_error,confident_answer,none,yes
70,bundle_4,Qwen/Qwen2.5-VL-3B-Instruct,no_image,What is the main object present in the foreground of the image?,B,"The main object present in the foreground of the image is:

A: A surgical mask",judge_error,confident_answer,none,yes
70,bundle_4,Qwen/Qwen2.5-VL-3B-Instruct,blank_image,What is the main object present in the foreground of the image?,B,A: A surgical mask,judge_error,confident_answer,none,yes
70,bundle_4,Qwen/Qwen2.5-VL-3B-Instruct,far_mismatch,What is the main object present in the foreground of the image?,B,C: A surgical light,judge_error,confident_answer,none,yes
70,bundle_4,Qwen/Qwen2.5-VL-3B-Instruct,hard_mismatch,What is the main object present in the foreground of the image?,B,D: A surgical gown,judge_error,confident_answer,none,yes
62,bundle_5,Qwen/Qwen2.5-VL-3B-Instruct,correct_image,What is the main feature of this image?,A,"A: A sailboat on its side in the ocean at sunset,",judge_error,confident_answer,none,yes
62,bundle_5,Qwen/Qwen2.5-VL-3B-Instruct,no_image,What is the main feature of this image?,A,B: A sailboat in the water with the sun over the ocean and rocks.,judge_error,confident_answer,none,yes
62,bundle_5,Qwen/Qwen2.5-VL-3B-Instruct,blank_image,What is the main feature of this image?,A,B,B,confident_answer,none,no
62,bundle_5,Qwen/Qwen2.5-VL-3B-Instruct,far_mismatch,What is the main feature of this image?,A,"The image provided does not contain any sailboats or bodies of water. Therefore, none of the given options accurately describe the main feature of this image.",judge_error,confident_answer,none,yes
62,bundle_5,Qwen/Qwen2.5-VL-3B-Instruct,hard_mismatch,What is the main feature of this image?,A,B,B,confident_answer,missing,no
57,bundle_6,Qwen/Qwen2.5-VL-3B-Instruct,correct_image,What is the main theme of the image?,A,A: Nature,A,confident_answer,none,no
57,bundle_6,Qwen/Qwen2.5-VL-3B-Instruct,no_image,What is the main theme of the image?,A,"The image shows a person riding a bicycle on a path surrounded by trees and greenery. The main theme of the image appears to be:

A: Nature",A,hedged_answer,none,yes
57,bundle_6,Qwen/Qwen2.5-VL-3B-Instruct,blank_image,What is the main theme of the image?,A,"The image provided does not contain any visual content or objects to analyze for a theme. Therefore, it is impossible to determine the main theme based on the given information.",judge_error,explicit_abstention,blank_or_empty,yes
57,bundle_6,Qwen/Qwen2.5-VL-3B-Instruct,far_mismatch,What is the main theme of the image?,A,"The image does not contain any visual elements related to nature, transportation, travel, or outdoor recreation. Therefore, it is not possible to determine the main theme based on the provided information.",judge_error,explicit_abstention,insufficient_or_unclear,yes
57,bundle_6,Qwen/Qwen2.5-VL-3B-Instruct,hard_mismatch,What is the main theme of the image?,A,D: Outdoor recreation,D,confident_answer,none,no
35,bundle_7,Qwen/Qwen2.5-VL-3B-Instruct,correct_image,What is the dominant color in the image?,A,B: Blue,B,confident_answer,none,yes
35,bundle_7,Qwen/Qwen2.5-VL-3B-Instruct,no_image,What is the dominant color in the image?,A,The dominant color in the image appears to be white.,judge_error,hedged_answer,none,yes
35,bundle_7,Qwen/Qwen2.5-VL-3B-Instruct,blank_image,What is the dominant color in the image?,A,"The image provided is blank and does not contain any visual content. Therefore, it is impossible to determine the dominant color from the given options based on the information provided.",judge_error,explicit_abstention,blank_or_empty,yes
35,bundle_7,Qwen/Qwen2.5-VL-3B-Instruct,far_mismatch,What is the dominant color in the image?,A,A,A,confident_answer,none,no
35,bundle_7,Qwen/Qwen2.5-VL-3B-Instruct,hard_mismatch,What is the dominant color in the image?,A,D: Black,D,confident_answer,none,yes
188,bundle_8,Qwen/Qwen2.5-VL-3B-Instruct,correct_image,Which mood does this image convey?,A,A: Sad,A,confident_answer,none,yes
188,bundle_8,Qwen/Qwen2.5-VL-3B-Instruct,no_image,Which mood does this image convey?,A,The image provided is not visible in your message. Please upload or describe the image so I can analyze it and determine the mood conveyed.,judge_error,explicit_abstention,missing,no
188,bundle_8,Qwen/Qwen2.5-VL-3B-Instruct,blank_image,Which mood does this image convey?,A,"The image provided is blank and does not contain any visual content. Therefore, it is impossible to determine the mood conveyed by the image based on the given information.",judge_error,explicit_abstention,blank_or_empty,yes
188,bundle_8,Qwen/Qwen2.5-VL-3B-Instruct,far_mismatch,Which mood does this image convey?,A,C: Happy,C,confident_answer,none,yes
188,bundle_8,Qwen/Qwen2.5-VL-3B-Instruct,hard_mismatch,Which mood does this image convey?,A,D: Angry,D,confident_answer,none,no
26,bundle_9,Qwen/Qwen2.5-VL-3B-Instruct,correct_image,What is the main focus of the image?,B,B: the woman's hairstyle,B,confident_answer,none,yes
26,bundle_9,Qwen/Qwen2.5-VL-3B-Instruct,no_image,What is the main focus of the image?,B,"The main focus of the image is not clearly discernible from the provided visual evidence. Therefore, I cannot accurately determine the correct option based on the given information.",judge_error,explicit_abstention,insufficient_or_unclear,no
26,bundle_9,Qwen/Qwen2.5-VL-3B-Instruct,blank_image,What is the main focus of the image?,B,"The image provided does not contain any visual content. Therefore, it is impossible to determine the main focus of the image based on the given options or any other information.",judge_error,explicit_abstention,blank_or_empty,yes
26,bundle_9,Qwen/Qwen2.5-VL-3B-Instruct,far_mismatch,What is the main focus of the image?,B,D: the background scenery,D,confident_answer,none,yes
26,bundle_9,Qwen/Qwen2.5-VL-3B-Instruct,hard_mismatch,What is the main focus of the image?,B,D: the background scenery,D,confident_answer,none,no
413,bundle_10,Qwen/Qwen2.5-VL-3B-Instruct,correct_image,Who is this person?,D,D: Keira Knightley,D,confident_answer,none,yes
413,bundle_10,Qwen/Qwen2.5-VL-3B-Instruct,no_image,Who is this person?,D,"The image provided does not contain any visible information about the identity of the person in question. Therefore, it is not possible to determine who this person is based on the given options or any other visual evidence.",judge_error,explicit_abstention,insufficient_or_unclear,no
413,bundle_10,Qwen/Qwen2.5-VL-3B-Instruct,blank_image,Who is this person?,D,"The image provided does not contain any visible information about the identity of the person in question. Therefore, it is not possible to determine who this person is based on the given options or any other visual evidence.",judge_error,explicit_abstention,insufficient_or_unclear,yes
413,bundle_10,Qwen/Qwen2.5-VL-3B-Instruct,far_mismatch,Who is this person?,D,"The image provided does not contain any identifiable information about individuals such as Victoria Beckham, Helen Mirren, Kate Winslet, or Keira Knightley. Therefore, it is not possible to determine who the person in the picture is based on the given options and the visual evidence.",judge_error,explicit_abstention,insufficient_or_unclear,yes
413,bundle_10,Qwen/Qwen2.5-VL-3B-Instruct,hard_mismatch,Who is this person?,D,D: Keira Knightley,D,confident_answer,none,yes
278,bundle_11,Qwen/Qwen2.5-VL-3B-Instruct,correct_image,What is the dominant color in this image?,B,D: Two,D,confident_answer,none,yes
278,bundle_11,Qwen/Qwen2.5-VL-3B-Instruct,no_image,What is the dominant color in this image?,B,D: Two,D,confident_answer,none,no
278,bundle_11,Qwen/Qwen2.5-VL-3B-Instruct,blank_image,What is the dominant color in this image?,B,D: Two,D,confident_answer,none,yes
278,bundle_11,Qwen/Qwen2.5-VL-3B-Instruct,far_mismatch,What is the dominant color in this image?,B,D: Two,D,confident_answer,none,no
278,bundle_11,Qwen/Qwen2.5-VL-3B-Instruct,hard_mismatch,What is the dominant color in this image?,B,D: Two,D,confident_answer,none,no
256,bundle_12,Qwen/Qwen2.5-VL-3B-Instruct,correct_image,Which scene category matches this image the best?,C,C: storage_room,C,confident_answer,none,yes
256,bundle_12,Qwen/Qwen2.5-VL-3B-Instruct,no_image,Which scene category matches this image the best?,C,"The image provided does not contain any visual elements that would allow me to accurately determine which scene category it belongs to. Therefore, I cannot provide an answer based on the given options.",judge_error,explicit_abstention,insufficient_or_unclear,yes
256,bundle_12,Qwen/Qwen2.5-VL-3B-Instruct,blank_image,Which scene category matches this image the best?,C,"The image provided is blank and does not contain any visual content to determine which scene category it best matches. Therefore, I cannot select an option based on the given information.",judge_error,explicit_abstention,blank_or_empty,yes
256,bundle_12,Qwen/Qwen2.5-VL-3B-Instruct,far_mismatch,Which scene category matches this image the best?,C,D: alley,D,confident_answer,none,yes
256,bundle_12,Qwen/Qwen2.5-VL-3B-Instruct,hard_mismatch,Which scene category matches this image the best?,C,B: museum/indoor,B,confident_answer,none,yes
439,bundle_13,Qwen/Qwen2.5-VL-3B-Instruct,correct_image,How many guitars are being played in the image?,C,A: Two,A,confident_answer,none,no
439,bundle_13,Qwen/Qwen2.5-VL-3B-Instruct,no_image,How many guitars are being played in the image?,C,B: One,B,confident_answer,none,no
439,bundle_13,Qwen/Qwen2.5-VL-3B-Instruct,blank_image,How many guitars are being played in the image?,C,B: One,B,confident_answer,none,no
439,bundle_13,Qwen/Qwen2.5-VL-3B-Instruct,far_mismatch,How many guitars are being played in the image?,C,B: One,B,confident_answer,none,no
439,bundle_13,Qwen/Qwen2.5-VL-3B-Instruct,hard_mismatch,How many guitars are being played in the image?,C,B: One,B,confident_answer,none,no
320,bundle_14,Qwen/Qwen2.5-VL-3B-Instruct,correct_image,Is the tree in front of the house with leaves or without leaves?,B,D: Without leaves,D,confident_answer,none,yes
320,bundle_14,Qwen/Qwen2.5-VL-3B-Instruct,no_image,Is the tree in front of the house with leaves or without leaves?,B,C: Can't infer from the given information.,C,explicit_abstention,insufficient_or_unclear,no
320,bundle_14,Qwen/Qwen2.5-VL-3B-Instruct,blank_image,Is the tree in front of the house with leaves or without leaves?,B,C: Can't infer from the given information.,C,explicit_abstention,insufficient_or_unclear,no
320,bundle_14,Qwen/Qwen2.5-VL-3B-Instruct,far_mismatch,Is the tree in front of the house with leaves or without leaves?,B,C: Can't infer from the given information,C,explicit_abstention,insufficient_or_unclear,no
320,bundle_14,Qwen/Qwen2.5-VL-3B-Instruct,hard_mismatch,Is the tree in front of the house with leaves or without leaves?,B,C: Can't infer from the given information,C,explicit_abstention,insufficient_or_unclear,no
312,bundle_15,Qwen/Qwen2.5-VL-3B-Instruct,correct_image,What is the color of the couch in the image?,B,C: Tan,C,confident_answer,none,yes
312,bundle_15,Qwen/Qwen2.5-VL-3B-Instruct,no_image,What is the color of the couch in the image?,B,"The color of the couch in the image is not clearly visible or identifiable from the provided options. Therefore, it is not possible to determine the exact color of the couch based on the given information.",judge_error,explicit_abstention,insufficient_or_unclear,no
312,bundle_15,Qwen/Qwen2.5-VL-3B-Instruct,blank_image,What is the color of the couch in the image?,B,"The color of the couch in the image is not clearly visible or identifiable from the provided information. Therefore, it is not possible to determine the color of the couch based on the given options.",judge_error,explicit_abstention,insufficient_or_unclear,no
312,bundle_15,Qwen/Qwen2.5-VL-3B-Instruct,far_mismatch,What is the color of the couch in the image?,B,"The image does not contain any couch or furniture. Therefore, it is not possible to determine the color of a couch based on the provided visual information.",judge_error,explicit_abstention,insufficient_or_unclear,yes
312,bundle_15,Qwen/Qwen2.5-VL-3B-Instruct,hard_mismatch,What is the color of the couch in the image?,B,C: Tan,C,confident_answer,none,yes
307,bundle_16,Qwen/Qwen2.5-VL-3B-Instruct,correct_image,How many toys are present in the image?,D,C: 2,C,confident_answer,none,no
307,bundle_16,Qwen/Qwen2.5-VL-3B-Instruct,no_image,How many toys are present in the image?,D,B: 3,B,confident_answer,none,no
307,bundle_16,Qwen/Qwen2.5-VL-3B-Instruct,blank_image,How many toys are present in the image?,D,B: 3,B,confident_answer,none,no
307,bundle_16,Qwen/Qwen2.5-VL-3B-Instruct,far_mismatch,How many toys are present in the image?,D,"None of the options provided (A, B, C, or D) accurately describe the number of toys present in the image. The image shows a food web with various organisms and plants, but there are no toys visible. Therefore, it is not possible to determine the correct answer from the given options.",judge_error,explicit_abstention,mismatch_or_irrelevant,yes
307,bundle_16,Qwen/Qwen2.5-VL-3B-Instruct,hard_mismatch,How many toys are present in the image?,D,A,A,confident_answer,none,no
285,bundle_17,Qwen/Qwen2.5-VL-3B-Instruct,correct_image,Where is the seated person visible in the image?,C,C: Outside the field,C,confident_answer,none,yes
285,bundle_17,Qwen/Qwen2.5-VL-3B-Instruct,no_image,Where is the seated person visible in the image?,C,"The visual evidence shows a seated person on a bench, which is located outside the field. Therefore, the correct answer is:

C: Outside the field",C,confident_answer,none,yes
285,bundle_17,Qwen/Qwen2.5-VL-3B-Instruct,blank_image,Where is the seated person visible in the image?,C,"The visual evidence shows a seated person on a bench, which is located outside the field. Therefore, the correct answer is:

C: Outside the field",C,confident_answer,none,yes
285,bundle_17,Qwen/Qwen2.5-VL-3B-Instruct,far_mismatch,Where is the seated person visible in the image?,C,C: Outside the field,C,confident_answer,none,yes
285,bundle_17,Qwen/Qwen2.5-VL-3B-Instruct,hard_mismatch,Where is the seated person visible in the image?,C,D: Behind the bench,D,confident_answer,none,yes
438,bundle_18,Qwen/Qwen2.5-VL-3B-Instruct,correct_image,What is the position of the person playing an instrument in the image?,B,B: Standing on the right side of the stage,B,confident_answer,none,yes
438,bundle_18,Qwen/Qwen2.5-VL-3B-Instruct,no_image,What is the position of the person playing an instrument in the image?,B,"The image shows a person playing an instrument standing on the left side of the stage. Therefore, the correct answer is:

A: Standing on the left side of the stage.",A,confident_answer,none,yes
438,bundle_18,Qwen/Qwen2.5-VL-3B-Instruct,blank_image,What is the position of the person playing an instrument in the image?,B,D: Standing at the back of the stage,D,confident_answer,none,yes
438,bundle_18,Qwen/Qwen2.5-VL-3B-Instruct,far_mismatch,What is the position of the person playing an instrument in the image?,B,A: Standing on the left side of the stage,A,confident_answer,none,yes
438,bundle_18,Qwen/Qwen2.5-VL-3B-Instruct,hard_mismatch,What is the position of the person playing an instrument in the image?,B,A: Standing on the left side of the stage,A,confident_answer,none,yes
276,bundle_19,Qwen/Qwen2.5-VL-3B-Instruct,correct_image,What is the dominant color in this image?,B,C: Black,C,confident_answer,none,yes
276,bundle_19,Qwen/Qwen2.5-VL-3B-Instruct,no_image,What is the dominant color in this image?,B,The dominant color in the image appears to be **White** (Option D).,D,hedged_answer,none,yes
276,bundle_19,Qwen/Qwen2.5-VL-3B-Instruct,blank_image,What is the dominant color in this image?,B,D: White,D,confident_answer,none,yes
276,bundle_19,Qwen/Qwen2.5-VL-3B-Instruct,far_mismatch,What is the dominant color in this image?,B,A: Red,A,confident_answer,none,yes
276,bundle_19,Qwen/Qwen2.5-VL-3B-Instruct,hard_mismatch,What is the dominant color in this image?,B,C: Black,C,confident_answer,none,yes
663,bundle_20,Qwen/Qwen2.5-VL-3B-Instruct,correct_image,Compare the average kinetic energies of the particles in each sample. Which sample has the higher temperature?,B,B: sample A,judge_error,confident_answer,none,no
663,bundle_20,Qwen/Qwen2.5-VL-3B-Instruct,no_image,Compare the average kinetic energies of the particles in each sample. Which sample has the higher temperature?,B,"To compare the average kinetic energies of the particles in each sample and determine which one has the higher temperature, we would typically need to know the specific conditions or measurements related to the samples' temperatures. However, based on the options provided:

- Option A suggests that both samples have the same temperature.
- Option B suggests that sample A has a higher temperature.
- Option C suggests that sample B has a higher temperature.
- Option D is not relevant as it does not provide any information about the samples.

Without additional information about the conditions under which these samples were measured (such as pressure, volume, or other environmental factors), it's impossible to",judge_error,explicit_abstention,insufficient_or_unclear,no
663,bundle_20,Qwen/Qwen2.5-VL-3B-Instruct,blank_image,Compare the average kinetic energies of the particles in each sample. Which sample has the higher temperature?,B,"To compare the average kinetic energies of the particles in each sample and determine which one has the higher temperature, we would typically need to know the specific conditions or measurements related to the samples' temperatures. However, based on the options provided:

- Option A suggests that both samples have the same temperature.
- Option B suggests that sample A has a higher temperature.
- Option C suggests that sample B has a higher temperature.
- Option D is not relevant as it does not provide any information about the samples.

Without additional information about the conditions under which these samples were measured or their properties, it's impossible to definitively determine which option is correct.",judge_error,explicit_abstention,insufficient_or_unclear,no
663,bundle_20,Qwen/Qwen2.5-VL-3B-Instruct,far_mismatch,Compare the average kinetic energies of the particles in each sample. Which sample has the higher temperature?,B,B: sample A,judge_error,confident_answer,none,no
663,bundle_20,Qwen/Qwen2.5-VL-3B-Instruct,hard_mismatch,Compare the average kinetic energies of the particles in each sample. Which sample has the higher temperature?,B,C: sample B,judge_error,confident_answer,none,no
528,bundle_21,Qwen/Qwen2.5-VL-3B-Instruct,correct_image,The object shown in this figure:,B,C: Has a boiling point of -88.5°C.,judge_error,confident_answer,none,no
528,bundle_21,Qwen/Qwen2.5-VL-3B-Instruct,no_image,The object shown in this figure:,B,"The image provided does not contain any visual information or context related to the question. Therefore, it is impossible to determine which option is correct based solely on the given image.",judge_error,explicit_abstention,mismatch_or_irrelevant,no
528,bundle_21,Qwen/Qwen2.5-VL-3B-Instruct,blank_image,The object shown in this figure:,B,"The image provided does not contain any visual information or context related to the question. Therefore, it is impossible to determine which option is correct based solely on the given image.",judge_error,explicit_abstention,mismatch_or_irrelevant,no
528,bundle_21,Qwen/Qwen2.5-VL-3B-Instruct,far_mismatch,The object shown in this figure:,B,D: None of these options are correct.,D,confident_answer,none,no
528,bundle_21,Qwen/Qwen2.5-VL-3B-Instruct,hard_mismatch,The object shown in this figure:,B,D: None of these options are correct.,D,confident_answer,none,no
506,bundle_22,Qwen/Qwen2.5-VL-3B-Instruct,correct_image,"Hint: Please answer the question and provide the correct option letter, e.g., A, B, C, D, at the end. Question: What is the age gap between these two people in image? (Unit: years)",C,A,A,confident_answer,none,no
506,bundle_22,Qwen/Qwen2.5-VL-3B-Instruct,no_image,"Hint: Please answer the question and provide the correct option letter, e.g., A, B, C, D, at the end. Question: What is the age gap between these two people in image? (Unit: years)",C,"The image provided does not contain any visual information about the ages of the individuals or their emotional states. Therefore, it is impossible to determine the age gap between them or to identify their emotions based on the given options. The correct response is:

None of the above.",judge_error,hedged_answer,insufficient_or_unclear,yes
506,bundle_22,Qwen/Qwen2.5-VL-3B-Instruct,blank_image,"Hint: Please answer the question and provide the correct option letter, e.g., A, B, C, D, at the end. Question: What is the age gap between these two people in image? (Unit: years)",C,"The image provided does not contain any visual information about people or their ages. Therefore, it is impossible to determine the age gap between any individuals based on the given image. The correct response is:

E: Not enough information",judge_error,explicit_abstention,insufficient_or_unclear,yes
506,bundle_22,Qwen/Qwen2.5-VL-3B-Instruct,far_mismatch,"Hint: Please answer the question and provide the correct option letter, e.g., A, B, C, D, at the end. Question: What is the age gap between these two people in image? (Unit: years)",C,"The image provided does not contain any information related to age gaps or emotions of individuals. Therefore, it is not possible to determine the age gap between two people based on the given data. The correct response is:

None of the above options (A, B, C, D)",judge_error,hedged_answer,insufficient_or_unclear,yes
506,bundle_22,Qwen/Qwen2.5-VL-3B-Instruct,hard_mismatch,"Hint: Please answer the question and provide the correct option letter, e.g., A, B, C, D, at the end. Question: What is the age gap between these two people in image? (Unit: years)",C,A,A,confident_answer,none,no
689,bundle_23,Qwen/Qwen2.5-VL-3B-Instruct,correct_image,What's the function of the demonstrated object?,D,,judge_error,unscorable,blank_or_empty,no
689,bundle_23,Qwen/Qwen2.5-VL-3B-Instruct,no_image,What's the function of the demonstrated object?,D,"The image provided does not contain any visual evidence or context to determine the function of an object. Therefore, it is impossible to accurately answer the question based solely on the given information.",judge_error,explicit_abstention,insufficient_or_unclear,no
689,bundle_23,Qwen/Qwen2.5-VL-3B-Instruct,blank_image,What's the function of the demonstrated object?,D,"The image provided does not contain any visible objects or context to determine the function of an unspecified ""demonstrated object."" Therefore, it is impossible to accurately answer the question based solely on the given information.",judge_error,explicit_abstention,insufficient_or_unclear,yes
689,bundle_23,Qwen/Qwen2.5-VL-3B-Instruct,far_mismatch,What's the function of the demonstrated object?,D,A: grill,A,confident_answer,missing,yes
689,bundle_23,Qwen/Qwen2.5-VL-3B-Instruct,hard_mismatch,What's the function of the demonstrated object?,D,B: kettle,B,confident_answer,none,yes
570,bundle_24,Qwen/Qwen2.5-VL-3B-Instruct,correct_image,What is the relative position of the ocean to the pier in the image?,B,B: The ocean is behind the pier.,B,confident_answer,none,yes
570,bundle_24,Qwen/Qwen2.5-VL-3B-Instruct,no_image,What is the relative position of the ocean to the pier in the image?,B,D: It is not specified,D,explicit_abstention,insufficient_or_unclear,no
570,bundle_24,Qwen/Qwen2.5-VL-3B-Instruct,blank_image,What is the relative position of the ocean to the pier in the image?,B,D: It is not specified,D,explicit_abstention,missing,no
570,bundle_24,Qwen/Qwen2.5-VL-3B-Instruct,far_mismatch,What is the relative position of the ocean to the pier in the image?,B,D: It is not specified,D,explicit_abstention,missing,no
570,bundle_24,Qwen/Qwen2.5-VL-3B-Instruct,hard_mismatch,What is the relative position of the ocean to the pier in the image?,B,D: It is not specified,D,confident_answer,insufficient_or_unclear,no
562,bundle_25,Qwen/Qwen2.5-VL-3B-Instruct,correct_image,What type of television is present in the room?,A,"A: Modern, wall-mounted",A,confident_answer,none,yes
562,bundle_25,Qwen/Qwen2.5-VL-3B-Instruct,no_image,What type of television is present in the room?,A,"The image shows a modern, wall-mounted television. Therefore, the correct answer is:

A: Modern, wall-mounted",A,confident_answer,none,yes
562,bundle_25,Qwen/Qwen2.5-VL-3B-Instruct,blank_image,What type of television is present in the room?,A,"D: Old, flat screen",D,confident_answer,none,yes
562,bundle_25,Qwen/Qwen2.5-VL-3B-Instruct,far_mismatch,What type of television is present in the room?,A,"B: Old, tube TV",B,confident_answer,none,yes
562,bundle_25,Qwen/Qwen2.5-VL-3B-Instruct,hard_mismatch,What type of television is present in the room?,A,"D: Old, flat screen",D,confident_answer,none,yes
557,bundle_26,Qwen/Qwen2.5-VL-3B-Instruct,correct_image,What's the function of the demonstrated object?,D,A,A,confident_answer,none,no
557,bundle_26,Qwen/Qwen2.5-VL-3B-Instruct,no_image,What's the function of the demonstrated object?,D,"The image provided does not contain any visual evidence or context to determine the function of the demonstrated object. Therefore, it is not possible to accurately answer the question based on the given information.",judge_error,explicit_abstention,insufficient_or_unclear,no
557,bundle_26,Qwen/Qwen2.5-VL-3B-Instruct,blank_image,What's the function of the demonstrated object?,D,"The image provided does not contain any demonstrable object for analysis. Therefore, it is impossible to determine the function of an object based on this visual evidence alone.",judge_error,explicit_abstention,insufficient_or_unclear,yes
557,bundle_26,Qwen/Qwen2.5-VL-3B-Instruct,far_mismatch,What's the function of the demonstrated object?,D,C: binding,C,confident_answer,none,no
557,bundle_26,Qwen/Qwen2.5-VL-3B-Instruct,hard_mismatch,What's the function of the demonstrated object?,D,C: binding,C,confident_answer,none,no
535,bundle_27,Qwen/Qwen2.5-VL-3B-Instruct,correct_image,Think about the magnetic force between the magnets in each pair. Which of the following statements is true?,B,B: The magnitude of the magnetic force is smaller in Pair 2.,B,confident_answer,none,yes
535,bundle_27,Qwen/Qwen2.5-VL-3B-Instruct,no_image,Think about the magnetic force between the magnets in each pair. Which of the following statements is true?,B,"To determine which statement is true regarding the magnetic force between the magnets in each pair, we need to analyze the visual evidence provided. However, since there is no visual evidence or diagram included in your message, I cannot provide a specific answer based on the image you described.

Given the options:
A: The magnitude of the magnetic force is smaller in Pair 2.
B: The magnitude of the magnetic force is smaller in Pair 1.
C: The magnitude of the magnetic force is the same in both pairs.
D: nan (which stands for ""not applicable"" or ""no information"")

Since there is no visual data to compare the",judge_error,explicit_abstention,missing,no
535,bundle_27,Qwen/Qwen2.5-VL-3B-Instruct,blank_image,Think about the magnetic force between the magnets in each pair. Which of the following statements is true?,B,D: nan,D,unscorable,none,no
535,bundle_27,Qwen/Qwen2.5-VL-3B-Instruct,far_mismatch,Think about the magnetic force between the magnets in each pair. Which of the following statements is true?,B,B: The magnitude of the magnetic force is smaller in Pair 1.,B,confident_answer,none,yes
535,bundle_27,Qwen/Qwen2.5-VL-3B-Instruct,hard_mismatch,Think about the magnetic force between the magnets in each pair. Which of the following statements is true?,B,C: The magnitude of the magnetic force is the same in both pairs.,C,confident_answer,none,no
688,bundle_28,Qwen/Qwen2.5-VL-3B-Instruct,correct_image,In what situations would the scene in the picture appear?,D,C: Put a piece of sodium into water.,C,confident_answer,none,no
688,bundle_28,Qwen/Qwen2.5-VL-3B-Instruct,no_image,In what situations would the scene in the picture appear?,D,"The image shows a reaction between a piece of sodium and water. Sodium reacts vigorously with water, producing hydrogen gas and sodium hydroxide. This reaction is exothermic and can be dangerous if not handled carefully. Therefore, the correct answer is:

C: Put a piece of sodium into water.",C,confident_answer,none,yes
688,bundle_28,Qwen/Qwen2.5-VL-3B-Instruct,blank_image,In what situations would the scene in the picture appear?,D,"The image provided does not contain any visual evidence related to the scenario described in the question. Therefore, it is impossible to determine from this image whether the scene depicted involves putting a piece of iron, plastic, sodium, or kerosene into water.",judge_error,explicit_abstention,mismatch_or_irrelevant,no
688,bundle_28,Qwen/Qwen2.5-VL-3B-Instruct,far_mismatch,In what situations would the scene in the picture appear?,D,C,C,confident_answer,none,no
688,bundle_28,Qwen/Qwen2.5-VL-3B-Instruct,hard_mismatch,In what situations would the scene in the picture appear?,D,C,C,confident_answer,none,no
526,bundle_29,Qwen/Qwen2.5-VL-3B-Instruct,correct_image,"Hint: Please answer the question and provide the correct option letter, e.g., A, B, C, D, at the end. Question: What is the age gap between these two people in image? (Unit: years)",D,B,B,confident_answer,none,no
526,bundle_29,Qwen/Qwen2.5-VL-3B-Instruct,no_image,"Hint: Please answer the question and provide the correct option letter, e.g., A, B, C, D, at the end. Question: What is the age gap between these two people in image? (Unit: years)",D,"The age gap between the two people in the image is 5 years. Therefore, the correct answer is:

(B) 5",B,confident_answer,none,yes
526,bundle_29,Qwen/Qwen2.5-VL-3B-Instruct,blank_image,"Hint: Please answer the question and provide the correct option letter, e.g., A, B, C, D, at the end. Question: What is the age gap between these two people in image? (Unit: years)",D,"The image provided does not contain any visual information about the ages of the individuals or their age gap. Therefore, it is not possible to determine the age gap between the two people based on the given image.",judge_error,explicit_abstention,insufficient_or_unclear,yes
526,bundle_29,Qwen/Qwen2.5-VL-3B-Instruct,far_mismatch,"Hint: Please answer the question and provide the correct option letter, e.g., A, B, C, D, at the end. Question: What is the age gap between these two people in image? (Unit: years)",D,"The image provided does not contain any information related to ages or people. Therefore, it is impossible to determine the age gap between two people based on this image alone. The correct response is:

None of the above.",judge_error,confident_answer,insufficient_or_unclear,yes
526,bundle_29,Qwen/Qwen2.5-VL-3B-Instruct,hard_mismatch,"Hint: Please answer the question and provide the correct option letter, e.g., A, B, C, D, at the end. Question: What is the age gap between these two people in image? (Unit: years)",D,,judge_error,unscorable,blank_or_empty,no
913,bundle_30,Qwen/Qwen2.5-VL-3B-Instruct,correct_image,Which month is the wettest on average in Christchurch?,C,C: May,C,confident_answer,none,no
913,bundle_30,Qwen/Qwen2.5-VL-3B-Instruct,no_image,Which month is the wettest on average in Christchurch?,C,"The visual evidence provided does not contain any information about the precipitation patterns or average rainfall amounts for different months in Christchurch. Therefore, it is not possible to determine which month is the wettest on average in Christchurch based solely on this image. The correct response is:

D: nan",D,explicit_abstention,missing,yes
913,bundle_30,Qwen/Qwen2.5-VL-3B-Instruct,blank_image,Which month is the wettest on average in Christchurch?,C,D: nan,D,unscorable,none,no
913,bundle_30,Qwen/Qwen2.5-VL-3B-Instruct,far_mismatch,Which month is the wettest on average in Christchurch?,C,D: nan,D,unscorable,none,no
913,bundle_30,Qwen/Qwen2.5-VL-3B-Instruct,hard_mismatch,Which month is the wettest on average in Christchurch?,C,C: May,C,confident_answer,none,no
