source_id,question,answer,category,l2_category,source_dataset,image_path,include_primary,exclusion_reason
163,"Which category does this image belong to?",B,coarse perception,image style & quality,MMBench,../mmstar/images/mmstar163.jpg,yes,
28,"What is the primary activity depicted in the image?",A,coarse perception,image scene and topic,SEEDBench_IMG,../mmstar/images/mmstar28.jpg,yes,
6,"What is the overall theme of the image?",A,coarse_perception,image scene and topic,SEEDBench_IMG,../mmstar/images/mmstar6.jpg,yes,
189,"What feeling is shown in this image?",B,coarse perception,image emotion,MMBench,../mmstar/images/mmstar189.jpg,yes,
70,"What is the main object present in the foreground of the image?",B,coarse perception,image scene and topic,SEEDBench_IMG,../mmstar/images/mmstar70.jpg,yes,
62,"What is the main feature of this image?",A,coarse perception,image scene and topic,SEEDBench_IMG,../mmstar/images/mmstar63.jpg,yes,
57,"What is the main theme of the image?",A,coarse perception,image scene and topic,SEEDBench_IMG,../mmstar/images/mmstar57.jpg,yes,
35,"What is the dominant color in the image?",A,coarse perception,image scene and topic,SEEDBench_IMG,../mmstar/images/mmstar35.jpg,yes,
188,"Which mood does this image convey?",A,coarse perception,image emotion,MMBench,../mmstar/images/mmstar188.jpg,yes,
26,"What is the main focus of the image?",B,coarse perception,image scene and topic,SEEDBench_IMG,../mmstar/images/mmstar26.jpg,yes,
413,"Who is this person?",D,fine-grained perception,recognition,MMBench,../mmstar/images/mmstar413.jpg,yes,
278,"What is the dominant color in this image?",B,fine-grained perception,recognition,SEEDBench_IMG,../mmstar/images/mmstar278.jpg,yes,
256,"Which scene category matches this image the best?",C,fine-grained perception,recognition,MMBench,../mmstar/images/mmstar256.jpg,yes,
439,"How many guitars are being played in the image?",C,fine-grained perception,object counting,SEEDBench_IMG,../mmstar/images/mmstar439.jpg,yes,
320,"Is the tree in front of the house with leaves or without leaves?",B,fine-grained perception,localization,SEEDBench_IMG,../mmstar/images/mmstar320.jpg,yes,
312,"What is the color of the couch in the image?",B,fine-grained perception,recognition,SEEDBench_IMG,../mmstar/images/mmstar312.jpg,yes,
307,"How many toys are present in the image?",D,fine-grained perception,object counting,SEEDBench_IMG,../mmstar/images/mmstar307.jpg,yes,
285,"Where is the seated person visible in the image?",C,fine-grained perception,localization,SEEDBench_IMG,../mmstar/images/mmstar285.jpg,yes,
438,"What is the position of the person playing an instrument in the image?",B,fine-grained perception,localization,SEEDBench_IMG,../mmstar/images/mmstar438.jpg,yes,
276,"What is the dominant color in this image?",B,fine-grained perception,recognition,SEEDBench_IMG,../mmstar/images/mmstar276.jpg,yes,
663,"Compare the average kinetic energies of the particles in each sample. Which sample has the higher temperature?",B,instance reasoning,cross-instance relation reasoning,ScienceQA_TEST,../mmstar/images/mmstar663.jpg,yes,
528,"The object shown in this figure:",B,instance reasoning,single-instance reasoning,MMBench,../mmstar/images/mmstar528.jpg,yes,
506,"Hint: Please answer the question and provide the correct option letter, e.g., A, B, C, D, at the end. Question: What is the age gap between these two people in image? (Unit: years)",C,instance reasoning,cross-instance attribute reasoning,MathVista,../mmstar/images/mmstar506.jpg,yes,
689,"What's the function of the demonstrated object?",D,instance reasoning,single-instance reasoning,MMBench,../mmstar/images/mmstar689.jpg,yes,
570,"What is the relative position of the ocean to the pier in the image?",B,instance reasoning,cross-instance attribute reasoning,SEEDBench_IMG,../mmstar/images/mmstar570.jpg,yes,
562,"What type of television is present in the room?",A,instance reasoning,cross-instance attribute reasoning,SEEDBench_IMG,../mmstar/images/mmstar562.jpg,yes,
557,"What's the function of the demonstrated object?",D,instance reasoning,single-instance reasoning,MMBench,../mmstar/images/mmstar557.jpg,yes,
535,"Think about the magnetic force between the magnets in each pair. Which of the following statements is true?",B,instance reasoning,cross-instance attribute reasoning,MMBench,../mmstar/images/mmstar535.jpg,yes,
688,"In what situations would the scene in the picture appear?",D,instance reasoning,single-instance reasoning,MMBench,../mmstar/images/mmstar688.jpg,yes,
526,"Hint: Please answer the question and provide the correct option letter, e.g., A, B, C, D, at the end. Question: What is the age gap between these two people in image? (Unit: years)",D,instance reasoning,cross-instance attribute reasoning,MathVista,../mmstar/images/mmstar526.jpg,yes,
913,"Which month is the wettest on average in Christchurch?",C,logical reasoning,diagram reasoning,ScienceQA_TEST,../mmstar/images/mmstar913.jpg,yes,
778,"What python code is gonna generate the result as shown in the image?",A,logical reasoning,code & sequence reasoning,MMBench,../mmstar/images/mmstar778.jpg,yes,
756,"Where is the woman holding her belly in the image?",B,logical reasoning,common reasoning,SEEDBench_IMG,../mmstar/images/mmstar756.jpg,yes,
939,"What time of day is it at stage 1?",B,logical reasoning,diagram reasoning,AI2D_TEST,../mmstar/images/mmstar939.jpg,yes,
820,"Hint: Please answer the question and provide the correct option letter, e.g., A, B, C, D, at the end. Question: What is the difference between the highest and the lowest value of blue bar?",A,logical reasoning,diagram reasoning,MathVista,../mmstar/images/mmstar820.jpg,yes,
812,"Is there a teddy bear in the image?",B,logical reasoning,common reasoning,SEEDBench_IMG,../mmstar/images/mmstar812.jpg,yes,
807,"Hint: Please answer the question and provide the correct option letter, e.g., A, B, C, D, at the end. Question: How many people like the most preferred object in the whole chart?",D,logical reasoning,diagram reasoning,MathVista,../mmstar/images/mmstar807.jpg,yes,
785,"Which Python code can generate the content of the image?",C,logical reasoning,code & sequence reasoning,MMBench,../mmstar/images/mmstar785.jpg,yes,
938,"Is the man wearing a hat?",C,logical reasoning,common reasoning,SEEDBench_IMG,../mmstar/images/mmstar938.jpg,yes,
776,"Hint: Please answer the question and provide the correct option letter, e.g., A, B, C, D, at the end. Question: What is the difference between the highest and the lowest dark blue bar?",A,logical reasoning,diagram reasoning,MathVista,../mmstar/images/mmstar776.jpg,yes,
1163,"Hint: Please answer the question and provide the correct option letter, e.g., A, B, C, D, at the end. Question: Find x. Assume that any segment that appears to be tangent is tangent.",C,math,geometry,MathVista,../mmstar/images/mmstar1163.jpg,yes,
1028,"Hint: Please answer the question requiring an integer answer and provide the final value, e.g., 1, 2, 3, at the end. Question: What number is shown?",B,math,numeric commonsense and calculation,MathVista,../mmstar/images/mmstar1028.jpg,yes,
1006,"Hint: Please answer the question and provide the correct option letter, e.g., A, B, C, D, at the end. Question: Move the ruler to measure the length of the line to the nearest centimeter. The line is about (_) centimeters long.",D,math,numeric commonsense and calculation,MathVista,../mmstar/images/mmstar1006.jpg,yes,
1189,"Hint: Please answer the question and provide the correct option letter, e.g., A, B, C, D, at the end. Question: Move the ruler to measure the length of the slug to the nearest inch. The slug is about (_) inches long.",A,math,numeric commonsense and calculation,MathVista,../mmstar/images/mmstar1189.jpg,yes,
1070,"Hint: Please answer the question and provide the correct option letter, e.g., A, B, C, D, at the end. Question: In the figure above, l || m. Which of the following must equal 180?",B,math,geometry,MathVista,../mmstar/images/mmstar1070.jpg,yes,
1062,"Hint: Please answer the question and provide the correct option letter, e.g., A, B, C, D, at the end. Question: Is the number of blue matte school bus greater than the number of large cyan metallic jets?",A,math,statistical reasoning,MathVista,../mmstar/images/mmstar1062.jpg,yes,
1057,"Kimpel Products makes pizza ovens for commercial use. James Kimpel, CEO, is contemplating producing smaller ovens for use in high school and college kitchens. The activities necessary to build an experimental model and related data are given in the following table: <image 1> What is the project completion date?",A,math,statistical reasoning,MMMU,../mmstar/images/mmstar1057.jpg,yes,
1035,"Hint: Please answer the question and provide the correct option letter, e.g., A, B, C, D, at the end. Question: As shown in the figure, in Rt△ABC, ∠BAC = 90.0, AD ⊥ BC at D, DE ⊥ AB at E, AD = 3.0, DE = 2.0, then the length of CD is ()",D,math,geometry,MathVista,../mmstar/images/mmstar1035.jpg,yes,
1188,"Hint: Please answer the question and provide the correct option letter, e.g., A, B, C, D, at the end. Question: What is the minimum age group shown in the ‘plots’?",C,math,statistical reasoning,MathVista,../mmstar/images/mmstar1188.jpg,yes,
1026,"Hint: Please answer the question and provide the correct option letter, e.g., A, B, C, D, at the end. Question: What is the radius of this circle?",D,math,geometry,MathVista,../mmstar/images/mmstar1026.jpg,yes,
1413,"Which part is a fibrous, membranous, or fatty sheath that encloses an organ or part, such as the sac surrounding the kidney or the fibrous tissues that surround a joint?",D,science & technology,biology & chemistry & physics,AI2D_TEST,../mmstar/images/mmstar1413.jpg,yes,
1278,"Assume for the common-emitter circuit shown in  <image 1> we have the  following numerical values for a germanium transistor. $V_{BB}$ = + 15V   $V_{CC}$ = + 15V   $V_{BE}$ = 0.3V  $R_C$ = 4k$\Omega$        $R_E$ = 600$\Omega$      $\beta $ = 60. What value of RB is required to set VCE to 8 V?",A,science & technology,electronics & energy & mechanical eng.,MMMU,../mmstar/images/mmstar1278.jpg,yes,
1256,"What letter represents oxygen?",B,science & technology,biology & chemistry & physics,AI2D_TEST,../mmstar/images/mmstar1256.jpg,yes,
1439,"Which item in the diagram represents sedimentary rocks?",B,science & technology,geography & earth science & agriculture,AI2D_TEST,../mmstar/images/mmstar1439.jpg,yes,
1320,"What term is used to describe A in the diagram?",C,science & technology,biology & chemistry & physics,AI2D_TEST,../mmstar/images/mmstar1320.jpg,yes,
1312,"Where is the testa?",C,science & technology,biology & chemistry & physics,AI2D_TEST,../mmstar/images/mmstar1312.jpg,yes,
1307,"Which region in the diagram represents the crust?",A,science & technology,geography & earth science & agriculture,AI2D_TEST,../mmstar/images/mmstar1307.jpg,yes,
1285,"What change could occur to increase the size of the large fish population?",D,science & technology,biology & chemistry & physics,AI2D_TEST,../mmstar/images/mmstar1285.jpg,yes,
1438,"Evaporation, the process of a liquid converting to the gaseous state, occurs at what stage?",A,science & technology,geography & earth science & agriculture,AI2D_TEST,../mmstar/images/mmstar1438.jpg,yes,
1276,"Which area on the map shows China?",A,science & technology,geography & earth science & agriculture,MMBench,../mmstar/images/mmstar1276.jpg,yes,