model_label,condition_clean,question_type,n_attempted,n_valid,n_unscorable,n_judge_parse_fail,mirage_count,mirage_rate,recognition_count,recognition_rate,explicit_abstention_count,explicit_abstention_rate,hedged_answer_count,hedged_answer_rate,confident_answer_count,confident_answer_rate,hard_mirage_count,hard_mirage_rate,soft_mirage_count,soft_mirage_rate
SmolVLM,implicit,action,9,8,1,0,8,1.0,0,0.0,0,0.0,0,0.0,8,1.0,6,0.75,2,0.25
SmolVLM,explicit,action,9,8,1,0,8,1.0,0,0.0,0,0.0,0,0.0,8,1.0,6,0.75,2,0.25
Qwen-3B,implicit,action,9,8,1,0,3,0.375,5,0.625,7,0.875,0,0.0,1,0.125,1,0.125,0,0.0
Qwen-3B,explicit,action,9,8,1,0,1,0.125,7,0.875,8,1.0,0,0.0,0,0.0,0,0.0,0,0.0
Qwen-7B,implicit,action,9,7,1,1,3,0.42857142857142855,4,0.5714285714285714,7,1.0,0,0.0,0,0.0,0,0.0,0,0.0
Qwen-7B,explicit,action,9,8,1,0,0,0.0,8,1.0,8,1.0,0,0.0,0,0.0,0,0.0,0,0.0
SmolVLM,implicit,comparison,4,4,0,0,4,1.0,0,0.0,0,0.0,0,0.0,4,1.0,4,1.0,0,0.0
SmolVLM,explicit,comparison,4,4,0,0,4,1.0,0,0.0,0,0.0,0,0.0,4,1.0,4,1.0,0,0.0
Qwen-3B,implicit,comparison,4,4,0,0,0,0.0,4,1.0,3,0.75,1,0.25,0,0.0,0,0.0,0,0.0
Qwen-3B,explicit,comparison,4,4,0,0,0,0.0,4,1.0,4,1.0,0,0.0,0,0.0,0,0.0,0,0.0
Qwen-7B,implicit,comparison,4,3,1,0,0,0.0,3,1.0,2,0.6666666666666666,1,0.3333333333333333,0,0.0,0,0.0,0,0.0
Qwen-7B,explicit,comparison,4,4,0,0,0,0.0,4,1.0,4,1.0,0,0.0,0,0.0,0,0.0,0,0.0
SmolVLM,implicit,counting,10,10,0,0,10,1.0,0,0.0,0,0.0,2,0.2,8,0.8,8,0.8,0,0.0
SmolVLM,explicit,counting,10,10,0,0,10,1.0,0,0.0,0,0.0,1,0.1,9,0.9,8,0.8,1,0.1
Qwen-3B,implicit,counting,10,9,1,0,1,0.1111111111111111,8,0.8888888888888888,8,0.8888888888888888,0,0.0,1,0.1111111111111111,1,0.1111111111111111,0,0.0
Qwen-3B,explicit,counting,10,10,0,0,0,0.0,10,1.0,10,1.0,0,0.0,0,0.0,0,0.0,0,0.0
Qwen-7B,implicit,counting,10,10,0,0,0,0.0,10,1.0,10,1.0,0,0.0,0,0.0,0,0.0,0,0.0
Qwen-7B,explicit,counting,10,10,0,0,0,0.0,10,1.0,10,1.0,0,0.0,0,0.0,0,0.0,0,0.0
SmolVLM,implicit,identification,56,53,3,0,53,1.0,0,0.0,0,0.0,4,0.07547169811320754,49,0.9245283018867925,47,0.8867924528301887,5,0.09433962264150944
SmolVLM,explicit,identification,56,54,2,0,51,0.9444444444444444,3,0.05555555555555555,6,0.1111111111111111,2,0.037037037037037035,46,0.8518518518518519,39,0.7222222222222222,9,0.16666666666666666
Qwen-3B,implicit,identification,56,49,7,0,12,0.24489795918367346,37,0.7551020408163265,38,0.7755102040816326,7,0.14285714285714285,4,0.08163265306122448,3,0.061224489795918366,1,0.02040816326530612
Qwen-3B,explicit,identification,56,56,0,0,0,0.0,56,1.0,56,1.0,0,0.0,0,0.0,0,0.0,0,0.0
Qwen-7B,implicit,identification,56,51,5,0,4,0.0784313725490196,47,0.9215686274509803,50,0.9803921568627451,1,0.0196078431372549,0,0.0,0,0.0,0,0.0
Qwen-7B,explicit,identification,56,56,0,0,0,0.0,56,1.0,56,1.0,0,0.0,0,0.0,0,0.0,0,0.0
SmolVLM,implicit,open_ended,36,33,3,0,33,1.0,0,0.0,0,0.0,6,0.18181818181818182,27,0.8181818181818182,23,0.696969696969697,4,0.12121212121212122
SmolVLM,explicit,open_ended,36,36,0,0,32,0.8888888888888888,4,0.1111111111111111,5,0.1388888888888889,2,0.05555555555555555,29,0.8055555555555556,24,0.6666666666666666,6,0.16666666666666666
Qwen-3B,implicit,open_ended,36,33,3,0,8,0.24242424242424243,25,0.7575757575757576,25,0.7575757575757576,2,0.06060606060606061,6,0.18181818181818182,4,0.12121212121212122,2,0.06060606060606061
Qwen-3B,explicit,open_ended,36,35,0,1,4,0.11428571428571428,31,0.8857142857142857,31,0.8857142857142857,0,0.0,4,0.11428571428571428,3,0.08571428571428572,1,0.02857142857142857
Qwen-7B,implicit,open_ended,36,32,3,1,13,0.40625,19,0.59375,21,0.65625,4,0.125,7,0.21875,5,0.15625,4,0.125
Qwen-7B,explicit,open_ended,36,33,2,1,6,0.18181818181818182,27,0.8181818181818182,28,0.8484848484848485,0,0.0,5,0.15151515151515152,3,0.09090909090909091,2,0.06060606060606061
SmolVLM,implicit,reading,18,15,3,0,15,1.0,0,0.0,1,0.06666666666666667,0,0.0,14,0.9333333333333333,13,0.8666666666666667,1,0.06666666666666667
SmolVLM,explicit,reading,18,15,3,0,11,0.7333333333333333,4,0.26666666666666666,4,0.26666666666666666,0,0.0,11,0.7333333333333333,11,0.7333333333333333,0,0.0
Qwen-3B,implicit,reading,18,18,0,0,2,0.1111111111111111,16,0.8888888888888888,16,0.8888888888888888,0,0.0,2,0.1111111111111111,2,0.1111111111111111,0,0.0
Qwen-3B,explicit,reading,18,18,0,0,1,0.05555555555555555,17,0.9444444444444444,17,0.9444444444444444,0,0.0,1,0.05555555555555555,1,0.05555555555555555,0,0.0
Qwen-7B,implicit,reading,18,18,0,0,1,0.05555555555555555,17,0.9444444444444444,18,1.0,0,0.0,0,0.0,0,0.0,0,0.0
Qwen-7B,explicit,reading,18,18,0,0,0,0.0,18,1.0,18,1.0,0,0.0,0,0.0,0,0.0,0,0.0
SmolVLM,implicit,yes_no,67,67,0,0,67,1.0,0,0.0,0,0.0,3,0.04477611940298507,64,0.9552238805970149,62,0.9253731343283582,2,0.029850746268656716
SmolVLM,explicit,yes_no,67,67,0,0,62,0.9253731343283582,5,0.07462686567164178,5,0.07462686567164178,5,0.07462686567164178,57,0.8507462686567164,55,0.8208955223880597,2,0.029850746268656716
Qwen-3B,implicit,yes_no,67,62,5,0,15,0.24193548387096775,47,0.7580645161290323,48,0.7741935483870968,6,0.0967741935483871,8,0.12903225806451613,8,0.12903225806451613,2,0.03225806451612903
Qwen-3B,explicit,yes_no,67,67,0,0,4,0.05970149253731343,63,0.9402985074626866,64,0.9552238805970149,0,0.0,3,0.04477611940298507,3,0.04477611940298507,0,0.0
Qwen-7B,implicit,yes_no,67,60,7,0,13,0.21666666666666667,47,0.7833333333333333,54,0.9,2,0.03333333333333333,4,0.06666666666666667,4,0.06666666666666667,1,0.016666666666666666
Qwen-7B,explicit,yes_no,67,67,0,0,1,0.014925373134328358,66,0.9850746268656716,66,0.9850746268656716,0,0.0,1,0.014925373134328358,1,0.014925373134328358,0,0.0
